modelo,modelo_etiqueta,muestra,muestra_etiqueta,informacion,observaciones,trimestres,periodo_inicial,periodo_final,rmse_modelo,sesgo_observado_menos_modelo,mae_modelo,rmse_ar1,ratio_ar1,mejora_ar1_pct,rmse_ar2,ratio_ar2,mejora_ar2_pct,rmse_ma4,ratio_ma4,mejora_ma4_pct
dfm_avanzado_estrategia3_lovo,DFM avanzado · leave-one-out automático,completa_con_covid,Todo el test,M1-M3,66,22,2021-T1,2026-T2,0.5063935606378835,0.130323548541647,0.3637429406164609,1.0771750646585532,0.47011259102846203,52.9887408971538,2.4030653199744694,0.21072817140204228,78.92718285979578,0.7699848355609161,0.6576669269973188,34.23330730026812
dfm_avanzado_estrategia3_lovo,DFM avanzado · leave-one-out automático,completa_con_covid,Todo el test,M1,22,22,2021-T1,2026-T2,0.4548096348001786,0.19386909024630058,0.3499901071034816,1.2156237512272865,0.374136844842827,62.586315515717295,2.7627623338157,0.16462133902485668,83.53786609751434,0.7252546931123541,0.627103332276846,37.2896667723154
dfm_avanzado_estrategia3_lovo,DFM avanzado · leave-one-out automático,completa_con_covid,Todo el test,M2,22,22,2021-T1,2026-T2,0.5336132673156493,0.08874084047047727,0.35475671842842355,1.2156237512272865,0.43896252173167605,56.1037478268324,2.7627623338157,0.19314483217912798,80.68551678208719,0.7252546931123541,0.7357598266971622,26.424017330283778
dfm_avanzado_estrategia3_lovo,DFM avanzado · leave-one-out automático,completa_con_covid,Todo el test,M3,22,22,2021-T1,2026-T2,0.5269804472693339,0.10836071490816312,0.38648199631747776,0.724869747382711,0.727000194410242,27.2999805589758,1.434732508131902,0.3673022283125727,63.269777168742735,0.852432520037993,0.618207816902441,38.1792183097559
dfm_avanzado_estrategia3_lovo,DFM avanzado · leave-one-out automático,sin_covid,Sin COVID,M1-M3,54,18,2022-T1,2026-T2,0.4670791610626564,0.18294027025830745,0.3443668563364365,0.7555852989351113,0.6181686723139496,38.18313276860504,0.8148723719965378,0.5731930264346241,42.68069735653759,0.5562829371772009,0.8396431561118886,16.035684388811145
dfm_avanzado_estrategia3_lovo,DFM avanzado · leave-one-out automático,sin_covid,Sin COVID,M1,18,18,2022-T1,2026-T2,0.40242284029278264,0.21280183070591843,0.3144109228778914,0.7896679937503711,0.5096101696885996,49.038983031140035,0.8176012737749225,0.4921993803101212,50.78006196898788,0.5590771823393477,0.7197983623816018,28.02016376183982
dfm_avanzado_estrategia3_lovo,DFM avanzado · leave-one-out automático,sin_covid,Sin COVID,M2,18,18,2022-T1,2026-T2,0.5207212737473985,0.1789422130409399,0.3598542302692126,0.7896679937503711,0.6594179805545066,34.05820194454934,0.8176012737749225,0.6368890196846096,36.31109803153903,0.5590771823393477,0.9313942514494037,6.860574855059632
dfm_avanzado_estrategia3_lovo,DFM avanzado · leave-one-out automático,sin_covid,Sin COVID,M3,18,18,2022-T1,2026-T2,0.47052528175918584,0.15707676702806408,0.3588354158622053,0.6823315551790875,0.6895845255693764,31.041547443062356,0.8093869668910171,0.5813353822171706,41.86646177828294,0.5506519108824309,0.854487694422343,14.551230557765704
dfm_avanzado_estrategia3_lovo,DFM avanzado · leave-one-out automático,solo_covid,Solo COVID,M1-M3,12,4,2021-T1,2021-T4,0.6547183885151301,-0.10645169918332521,0.4509353198765715,1.9525861086571816,0.33530833063510235,66.46916693648977,5.3640376307831135,0.12205700883935551,87.79429911606445,1.3668552888256016,0.47899612626707716,52.10038737329228
dfm_avanzado_estrategia3_lovo,DFM avanzado · leave-one-out automático,solo_covid,Solo COVID,M1,4,4,2021-T1,2021-T4,0.6394812590975579,0.10867175817802019,0.5100964361186371,2.306834658882521,0.2772115706841929,72.27884293158071,6.2428025060365755,0.10243496546289932,89.75650345371007,1.2191866974306902,0.5245146296668086,47.548537033319136
dfm_avanzado_estrategia3_lovo,DFM avanzado · leave-one-out automático,solo_covid,Solo COVID,M2,4,4,2021-T1,2021-T4,0.5881405041357418,-0.3171653360966045,0.3318179151448732,2.306834658882521,0.2549556388322384,74.50443611677616,6.2428025060365755,0.09421097392830066,90.57890260716994,1.2191866974306902,0.4824039709219163,51.759602907808365
dfm_avanzado_estrategia3_lovo,DFM avanzado · leave-one-out automático,solo_covid,Solo COVID,M3,4,4,2021-T1,2021-T4,0.7287818407709566,-0.11086151963139122,0.510891608366204,0.8915185069978694,0.8174612585722781,18.253874142772187,2.893705730481045,0.2518507093151469,74.8149290684853,1.6223586950448567,0.4492112890921489,55.07887109078511
dfm_avanzado_estrategia3_lovo,DFM avanzado · leave-one-out automático,post_covid,Post-COVID,M1-M3,54,18,2022-T1,2026-T2,0.4670791610626564,0.18294027025830745,0.3443668563364365,0.7555852989351113,0.6181686723139496,38.18313276860504,0.8148723719965378,0.5731930264346241,42.68069735653759,0.5562829371772009,0.8396431561118886,16.035684388811145
dfm_avanzado_estrategia3_lovo,DFM avanzado · leave-one-out automático,post_covid,Post-COVID,M1,18,18,2022-T1,2026-T2,0.40242284029278264,0.21280183070591843,0.3144109228778914,0.7896679937503711,0.5096101696885996,49.038983031140035,0.8176012737749225,0.4921993803101212,50.78006196898788,0.5590771823393477,0.7197983623816018,28.02016376183982
dfm_avanzado_estrategia3_lovo,DFM avanzado · leave-one-out automático,post_covid,Post-COVID,M2,18,18,2022-T1,2026-T2,0.5207212737473985,0.1789422130409399,0.3598542302692126,0.7896679937503711,0.6594179805545066,34.05820194454934,0.8176012737749225,0.6368890196846096,36.31109803153903,0.5590771823393477,0.9313942514494037,6.860574855059632
dfm_avanzado_estrategia3_lovo,DFM avanzado · leave-one-out automático,post_covid,Post-COVID,M3,18,18,2022-T1,2026-T2,0.47052528175918584,0.15707676702806408,0.3588354158622053,0.6823315551790875,0.6895845255693764,31.041547443062356,0.8093869668910171,0.5813353822171706,41.86646177828294,0.5506519108824309,0.854487694422343,14.551230557765704
dfm_avanzado_estrategia2_pesos,DFM avanzado · poda por contribución,completa_con_covid,Todo el test,M1-M3,66,22,2021-T1,2026-T2,0.5423341594824073,0.19828688615449017,0.39269429881264795,1.0771750646585532,0.5034781970694042,49.65218029305958,2.4030653199744694,0.22568431868018016,77.43156813198199,0.7699848355609161,0.7043439486536502,29.565605134634975
dfm_avanzado_estrategia2_pesos,DFM avanzado · poda por contribución,completa_con_covid,Todo el test,M1,22,22,2021-T1,2026-T2,0.5460783947694748,0.2423045824943099,0.3899017266878785,1.2156237512272865,0.44921662168755533,55.078337831244475,2.7627623338157,0.19765666705585794,80.2343332944142,0.7252546931123541,0.7529470680514136,24.705293194858633
dfm_avanzado_estrategia2_pesos,DFM avanzado · poda por contribución,completa_con_covid,Todo el test,M2,22,22,2021-T1,2026-T2,0.5793290796790297,0.17939312403920601,0.3990342552445595,1.2156237512272865,0.4765693982979047,52.34306017020953,2.7627623338157,0.20969197117976776,79.03080288202322,0.7252546931123541,0.798793975662398,20.120602433760205
dfm_avanzado_estrategia2_pesos,DFM avanzado · poda por contribución,completa_con_covid,Todo el test,M3,22,22,2021-T1,2026-T2,0.4985531324028657,0.17316295192995465,0.389146914505506,0.724869747382711,0.6877830592364942,31.22169407635058,1.434732508131902,0.34748855941935014,65.25114405806498,0.852432520037993,0.5848593533018251,41.514064669817486
dfm_avanzado_estrategia2_pesos,DFM avanzado · poda por contribución,sin_covid,Sin COVID,M1-M3,54,18,2022-T1,2026-T2,0.5358311333296649,0.15320819594402518,0.3855844042517359,0.7555852989351113,0.7091603477262485,29.083965227375153,0.8148723719965378,0.6575644870825753,34.24355129174247,0.5562829371772009,0.9632348891531413,3.676511084685874
dfm_avanzado_estrategia2_pesos,DFM avanzado · poda por contribución,sin_covid,Sin COVID,M1,18,18,2022-T1,2026-T2,0.5320747014581254,0.20042608995529734,0.37877715048667526,0.7896679937503711,0.6737954503273489,32.62045496726511,0.8176012737749225,0.65077528438954,34.922471561045995,0.5590771823393477,0.9517016939088164,4.829830609118357
dfm_avanzado_estrategia2_pesos,DFM avanzado · poda por contribución,sin_covid,Sin COVID,M2,18,18,2022-T1,2026-T2,0.5842422141888884,0.14851595841082055,0.4033131240991229,0.7896679937503711,0.7398580401038495,26.014195989615054,0.8176012737749225,0.7145808512398728,28.54191487601272,0.5590771823393477,1.045011731196474,-4.501173119647395
dfm_avanzado_estrategia2_pesos,DFM avanzado · poda por contribución,sin_covid,Sin COVID,M3,18,18,2022-T1,2026-T2,0.4867263682645219,0.1106825394659577,0.3746629381694093,0.6823315551790875,0.7133282413368289,28.66717586631711,0.8093869668910171,0.6013518726822531,39.86481273177469,0.5506519108824309,0.8839093420824291,11.60906579175709
dfm_avanzado_estrategia2_pesos,DFM avanzado · poda por contribución,solo_covid,Solo COVID,M1-M3,12,4,2021-T1,2021-T4,0.5706814851334331,0.4011409921015825,0.42468882433675265,1.9525861086571816,0.29226956117489644,70.77304388251035,5.3640376307831135,0.10639028366587305,89.3609716334127,1.3668552888256016,0.417514194661939,58.248580533806106
dfm_avanzado_estrategia2_pesos,DFM avanzado · poda por contribución,solo_covid,Solo COVID,M1,4,4,2021-T1,2021-T4,0.6050976591378827,0.4307577989198663,0.4399623195932927,2.306834658882521,0.26230647125399303,73.76935287460068,6.2428025060365755,0.09692724678584243,90.30727532141576,1.2191866974306902,0.49631255033627203,50.3687449663728
dfm_avanzado_estrategia2_pesos,DFM avanzado · poda por contribución,solo_covid,Solo COVID,M2,4,4,2021-T1,2021-T4,0.556683628561255,0.3183403693669404,0.37977934539902436,2.306834658882521,0.24131925815217473,75.86807418478253,6.2428025060365755,0.08917207104068421,91.08279289593158,1.2191866974306902,0.4566024463147507,54.33975536852493
dfm_avanzado_estrategia2_pesos,DFM avanzado · poda por contribución,solo_covid,Solo COVID,M3,4,4,2021-T1,2021-T4,0.5486275904655468,0.45432480801794095,0.45432480801794095,0.8915185069978694,0.6153855317182528,38.461446828174715,2.893705730481045,0.1895934284839474,81.04065715160527,1.6223586950448567,0.338166641040117,66.18333589598831
dfm_avanzado_estrategia2_pesos,DFM avanzado · poda por contribución,post_covid,Post-COVID,M1-M3,54,18,2022-T1,2026-T2,0.5358311333296649,0.15320819594402518,0.3855844042517359,0.7555852989351113,0.7091603477262485,29.083965227375153,0.8148723719965378,0.6575644870825753,34.24355129174247,0.5562829371772009,0.9632348891531413,3.676511084685874
dfm_avanzado_estrategia2_pesos,DFM avanzado · poda por contribución,post_covid,Post-COVID,M1,18,18,2022-T1,2026-T2,0.5320747014581254,0.20042608995529734,0.37877715048667526,0.7896679937503711,0.6737954503273489,32.62045496726511,0.8176012737749225,0.65077528438954,34.922471561045995,0.5590771823393477,0.9517016939088164,4.829830609118357
dfm_avanzado_estrategia2_pesos,DFM avanzado · poda por contribución,post_covid,Post-COVID,M2,18,18,2022-T1,2026-T2,0.5842422141888884,0.14851595841082055,0.4033131240991229,0.7896679937503711,0.7398580401038495,26.014195989615054,0.8176012737749225,0.7145808512398728,28.54191487601272,0.5590771823393477,1.045011731196474,-4.501173119647395
dfm_avanzado_estrategia2_pesos,DFM avanzado · poda por contribución,post_covid,Post-COVID,M3,18,18,2022-T1,2026-T2,0.4867263682645219,0.1106825394659577,0.3746629381694093,0.6823315551790875,0.7133282413368289,28.66717586631711,0.8093869668910171,0.6013518726822531,39.86481273177469,0.5506519108824309,0.8839093420824291,11.60906579175709
dfm_avanzado_estrategia1_lasso,DFM avanzado · LASSO como filtro,completa_con_covid,Todo el test,M1-M3,66,22,2021-T1,2026-T2,0.5690661327323668,0.18462894341912664,0.46058464934944227,1.0771750646585532,0.5282949368241748,47.170506317582515,2.4030653199744694,0.23680843296361695,76.3191567036383,0.7699848355609161,0.7390614807599624,26.093851924003765
dfm_avanzado_estrategia1_lasso,DFM avanzado · LASSO como filtro,completa_con_covid,Todo el test,M1,22,22,2021-T1,2026-T2,0.6612431832809244,0.25496407942403976,0.5558618159348897,1.2156237512272865,0.5439538200971618,45.60461799028383,2.7627623338157,0.23934131980425175,76.06586801957482,0.7252546931123541,0.9117392683710448,8.82607316289552
dfm_avanzado_estrategia1_lasso,DFM avanzado · LASSO como filtro,completa_con_covid,Todo el test,M2,22,22,2021-T1,2026-T2,0.5443941220854476,0.16622011030807118,0.4202492470189899,1.2156237512272865,0.44783110031852413,55.21688996814758,2.7627623338157,0.19704703347883537,80.29529665211646,0.7252546931123541,0.7506247491474168,24.937525085258315
dfm_avanzado_estrategia1_lasso,DFM avanzado · LASSO como filtro,completa_con_covid,Todo el test,M3,22,22,2021-T1,2026-T2,0.48775125081565923,0.13270264052526898,0.40564288509444724,0.724869747382711,0.6728812349760545,32.71187650239455,1.434732508131902,0.33995971238620454,66.00402876137954,0.852432520037993,0.5721875214168508,42.78124785831492
dfm_avanzado_estrategia1_lasso,DFM avanzado · LASSO como filtro,sin_covid,Sin COVID,M1-M3,54,18,2022-T1,2026-T2,0.557146859377692,0.2297173345262589,0.451543176516397,0.7555852989351113,0.7373712275277329,26.26287724722671,0.8148723719965378,0.6837228485395983,31.62771514604017,0.5562829371772009,1.0015530266034673,-0.15530266034673446
dfm_avanzado_estrategia1_lasso,DFM avanzado · LASSO como filtro,sin_covid,Sin COVID,M1,18,18,2022-T1,2026-T2,0.6399883998357622,0.332179403172626,0.5444132101364733,0.7896679937503711,0.810452500165626,18.954749983437402,0.8176012737749225,0.7827634574012963,21.723654259870372,0.5590771823393477,1.144722804028341,-14.472280402834103
dfm_avanzado_estrategia1_lasso,DFM avanzado · LASSO como filtro,sin_covid,Sin COVID,M2,18,18,2022-T1,2026-T2,0.541567267386548,0.18363325459170673,0.412164146406843,0.7896679937503711,0.6858164085066712,31.418359149332876,0.8176012737749225,0.6623855475250104,33.761445247498955,0.5590771823393477,0.9686806839808184,3.1319316019181587
dfm_avanzado_estrategia1_lasso,DFM avanzado · LASSO como filtro,sin_covid,Sin COVID,M3,18,18,2022-T1,2026-T2,0.47786777639259714,0.17333934581444382,0.39805217300587503,0.6823315551790875,0.700345415312317,29.965458468768304,0.8093869668910171,0.5904070561305955,40.95929438694045,0.5506519108824309,0.8678218797548605,13.217812024513954
dfm_avanzado_estrategia1_lasso,DFM avanzado · LASSO como filtro,solo_covid,Solo COVID,M1-M3,12,4,2021-T1,2021-T4,0.6198730883910261,-0.018268816562968276,0.5012712770981457,1.9525861086571816,0.3174626131173906,68.25373868826094,5.3640376307831135,0.1155609134495443,88.44390865504556,1.3668552888256016,0.4535030836538807,54.649691634611926
dfm_avanzado_estrategia1_lasso,DFM avanzado · LASSO como filtro,solo_covid,Solo COVID,M1,4,4,2021-T1,2021-T4,0.7494670287849015,-0.09250487744459807,0.6073805420277638,2.306834658882521,0.32488979038834065,67.51102096116594,6.2428025060365755,0.12005297749851811,87.9947022501482,1.2191866974306902,0.6147270392338808,38.52729607661192
dfm_avanzado_estrategia1_lasso,DFM avanzado · LASSO como filtro,solo_covid,Solo COVID,M2,4,4,2021-T1,2021-T4,0.5569374362674149,0.0878609610317111,0.4566321997736513,2.306834658882521,0.2414292823817755,75.85707176182245,6.2428025060365755,0.08921272709314054,91.07872729068595,1.2191866974306902,0.4568106241981666,54.31893758018334
dfm_avanzado_estrategia1_lasso,DFM avanzado · LASSO como filtro,solo_covid,Solo COVID,M3,4,4,2021-T1,2021-T4,0.5299507542993943,-0.050162533276017884,0.439801089493022,0.8915185069978694,0.5944360662617864,40.556393373821365,2.893705730481045,0.18313913150087177,81.68608684991283,1.6223586950448567,0.32665449133906954,67.33455086609304
dfm_avanzado_estrategia1_lasso,DFM avanzado · LASSO como filtro,post_covid,Post-COVID,M1-M3,54,18,2022-T1,2026-T2,0.557146859377692,0.2297173345262589,0.451543176516397,0.7555852989351113,0.7373712275277329,26.26287724722671,0.8148723719965378,0.6837228485395983,31.62771514604017,0.5562829371772009,1.0015530266034673,-0.15530266034673446
dfm_avanzado_estrategia1_lasso,DFM avanzado · LASSO como filtro,post_covid,Post-COVID,M1,18,18,2022-T1,2026-T2,0.6399883998357622,0.332179403172626,0.5444132101364733,0.7896679937503711,0.810452500165626,18.954749983437402,0.8176012737749225,0.7827634574012963,21.723654259870372,0.5590771823393477,1.144722804028341,-14.472280402834103
dfm_avanzado_estrategia1_lasso,DFM avanzado · LASSO como filtro,post_covid,Post-COVID,M2,18,18,2022-T1,2026-T2,0.541567267386548,0.18363325459170673,0.412164146406843,0.7896679937503711,0.6858164085066712,31.418359149332876,0.8176012737749225,0.6623855475250104,33.761445247498955,0.5590771823393477,0.9686806839808184,3.1319316019181587
dfm_avanzado_estrategia1_lasso,DFM avanzado · LASSO como filtro,post_covid,Post-COVID,M3,18,18,2022-T1,2026-T2,0.47786777639259714,0.17333934581444382,0.39805217300587503,0.6823315551790875,0.700345415312317,29.965458468768304,0.8093869668910171,0.5904070561305955,40.95929438694045,0.5506519108824309,0.8678218797548605,13.217812024513954
dfm_lasso_sin_ar1,DFM · LASSO sin AR1,completa_con_covid,Todo el test,M1-M3,237,79,2005-T2,2026-T2,1.0178359098609295,-0.06875036980890907,0.6536890173182265,2.0550865545380805,0.49527641919184634,50.47235808081536,2.261725976384133,0.4500261837590796,54.99738162409204,2.0183897275009413,0.5042811583871653,49.57188416128348
dfm_lasso_sin_ar1,DFM · LASSO sin AR1,completa_con_covid,Todo el test,M1,79,79,2005-T2,2026-T2,1.1243020437673001,-0.05311506053934756,0.7178755576811758,1.887092257882046,0.595785414873752,40.421458512624795,2.1974938165686497,0.5116292183806366,48.83707816193634,2.0138935356358703,0.558272830153512,44.172716984648794
dfm_lasso_sin_ar1,DFM · LASSO sin AR1,completa_con_covid,Todo el test,M2,79,79,2005-T2,2026-T2,0.9792475027303585,-0.07044012764093045,0.6260613083187287,1.887092257882046,0.518918721986282,48.1081278013718,2.1974938165686497,0.44562014024660024,55.43798597533998,2.0138935356358703,0.4862459138989039,51.37540861010961
dfm_lasso_sin_ar1,DFM · LASSO sin AR1,completa_con_covid,Todo el test,M3,79,79,2005-T2,2026-T2,0.9407385720721282,-0.08269592124644916,0.6171301859547749,2.355399724126009,0.3993965705422663,60.06034294577337,2.385006295387368,0.39443861170996836,60.55613882900317,2.027352196953474,0.4640232582605958,53.59767417394041
dfm_lasso_sin_ar1,DFM · LASSO sin AR1,sin_covid,Sin COVID,M1-M3,213,71,2005-T2,2026-T2,0.8702004213925092,-0.0007267029874995,0.5734033197264223,1.1630292563389026,0.7482188574789694,25.178114252103057,1.1759237275638648,0.7400143402117451,25.998565978825493,1.2226563740052374,0.7117293459501333,28.827065404986673
dfm_lasso_sin_ar1,DFM · LASSO sin AR1,sin_covid,Sin COVID,M1,71,71,2005-T2,2026-T2,0.9371441924039267,0.022075433013234294,0.6272460166943045,1.1943040711857404,0.7846780522765046,21.532194772349545,1.195978234242657,0.7835796384683916,21.642036153160838,1.247955722705062,0.7509434632605219,24.905653673947814
dfm_lasso_sin_ar1,DFM · LASSO sin AR1,sin_covid,Sin COVID,M2,71,71,2005-T2,2026-T2,0.8507161295942772,-0.007581099122804274,0.5510665328942929,1.1943040711857404,0.7123111694240991,28.768883057590088,1.195978234242657,0.7113140567587218,28.868594324127816,1.247955722705062,0.68168775070823,31.831224929177004
dfm_lasso_sin_ar1,DFM · LASSO sin AR1,sin_covid,Sin COVID,M3,71,71,2005-T2,2026-T2,0.8184064697122244,-0.016674442852928486,0.5418974095906693,1.0978099673436175,0.7454901067190447,25.45098932809553,1.134751940107932,0.7212205952557187,27.87794047442813,1.1704182393581701,0.6992427511733065,30.075724882669352
dfm_lasso_sin_ar1,DFM · LASSO sin AR1,solo_covid,Solo COVID,M1-M3,24,8,2020-T1,2021-T4,1.8734507700357692,-0.672460412848919,1.3662245834454891,5.44988358082878,0.34375977803013325,65.62402219698667,6.184035772267004,0.3029495363590016,69.70504636409984,5.192552106657602,0.36079575737597985,63.92042426240201
dfm_lasso_sin_ar1,DFM · LASSO sin AR1,solo_covid,Solo COVID,M1,8,8,2020-T1,2021-T4,2.1652184044462457,-0.7204306908185115,1.5222127339396585,4.744161421749121,0.4563964443789843,54.36035556210157,5.91537728428208,0.3660321735013437,63.396782649865635,5.121409341713293,0.422777844920692,57.7222155079308
dfm_lasso_sin_ar1,DFM · LASSO sin AR1,solo_covid,Solo COVID,M2,8,8,2020-T1,2021-T4,1.7453923198992132,-0.6283140057393003,1.291639940210597,4.744161421749121,0.3679032319384499,63.20967680615502,5.91537728428208,0.29506018568535697,70.4939814314643,5.121409341713293,0.34080312731169377,65.91968726883061
dfm_lasso_sin_ar1,DFM · LASSO sin AR1,solo_covid,Solo COVID,M3,8,8,2020-T1,2021-T4,1.6717919349987753,-0.6686365419889451,1.284821076186212,6.639996833021542,0.2517760139108415,74.82239860891585,6.689059610082197,0.24992929237451242,75.00707076254875,5.331990702381854,0.31353991938732545,68.64600806126747
dfm_lasso_sin_ar1,DFM · LASSO sin AR1,post_covid,Post-COVID,M1-M3,54,18,2022-T1,2026-T2,0.471587442487534,0.1633744169760679,0.35792486810861585,0.7847821729854816,0.6009150802872001,39.90849197127999,0.8370056009821873,0.5634220869420085,43.65779130579915,0.5562829371772009,0.8477474518282994,15.225254817170065
dfm_lasso_sin_ar1,DFM · LASSO sin AR1,post_covid,Post-COVID,M1,18,18,2022-T1,2026-T2,0.5651066462030849,0.21354483215974857,0.43695839434011724,0.8142959940255486,0.6939818571492993,30.601814285070073,0.8346294260183342,0.6770749132330152,32.29250867669848,0.5590771823393477,1.0107846716950746,-1.0784671695074577
dfm_lasso_sin_ar1,DFM · LASSO sin AR1,post_covid,Post-COVID,M2,18,18,2022-T1,2026-T2,0.4257665192468156,0.15475727163853692,0.31037837613400127,0.8142959940255486,0.5228645632185894,47.71354367814106,0.8346294260183342,0.5101264177540067,48.98735822459933,0.5590771823393477,0.7615523092272877,23.844769077271234
dfm_lasso_sin_ar1,DFM · LASSO sin AR1,post_covid,Post-COVID,M3,18,18,2022-T1,2026-T2,0.4081194644235338,0.1218211471299182,0.3264378338517291,0.7221448922033098,0.565149001024345,43.485099897565505,0.8417378277559285,0.4848534198725267,51.514658012747326,0.5506519108824309,0.7411569021335348,25.88430978664652
pesos_senal_fuerte,Bridge · señal contemporánea fuerte,completa_con_covid,Todo el test,M1-M3,231,77,2006-T2,2026-T2,1.327443469178379,-0.10831201091158181,0.8141961125336161,2.0765340518690665,0.6392591867123782,36.074081328762176,2.286314927689374,0.5806039461588686,41.93960538411314,2.032946446057663,0.6529652917087846,34.70347082912154
pesos_senal_fuerte,Bridge · señal contemporánea fuerte,completa_con_covid,Todo el test,M1,77,77,2006-T2,2026-T2,1.6059627765134568,-0.10426916604359489,0.9586017396863613,1.9060468888144666,0.8425620512999773,15.74379487000227,2.2210205951609585,0.7230742389388207,27.692576106117926,2.0266796678249155,0.7924107603235676,20.758923967643238
pesos_senal_fuerte,Bridge · señal contemporánea fuerte,completa_con_covid,Todo el test,M2,77,77,2006-T2,2026-T2,1.1968394959013653,-0.10410937340172645,0.7767795031188759,1.9060468888144666,0.6279171320102109,37.208286798978904,2.2210205951609585,0.5388691570483297,46.11308429516703,2.0266796678249155,0.5905420155449845,40.945798445501545
pesos_senal_fuerte,Bridge · señal contemporánea fuerte,completa_con_covid,Todo el test,M3,77,77,2006-T2,2026-T2,1.1290603496256273,-0.11655749328942412,0.7072070947956115,2.3811660003025135,0.47416280489566315,52.58371951043368,2.4116058710882946,0.46817780764321654,53.18221923567834,2.0454224027485446,0.5519937339634337,44.80062660365663
pesos_senal_fuerte,Bridge · señal contemporánea fuerte,sin_covid,Sin COVID,M1-M3,207,69,2006-T2,2026-T2,0.9122018004818839,-0.1162664229033502,0.6378155449321362,1.169749534217417,0.7798265985993001,22.017340140069987,1.1829634893288556,0.771115768754126,22.888423124587398,1.2189940459641584,0.7483234257804612,25.167657421953884
pesos_senal_fuerte,Bridge · señal contemporánea fuerte,sin_covid,Sin COVID,M1,69,69,2006-T2,2026-T2,1.0813993415738385,-0.1525670450916727,0.7361325078696265,1.2019645416456404,0.8996932139888811,10.030678601111887,1.203270265849444,0.8987169152812305,10.128308471876945,1.242026613445422,0.8706732447334616,12.932675526653837
pesos_senal_fuerte,Bridge · señal contemporánea fuerte,sin_covid,Sin COVID,M2,69,69,2006-T2,2026-T2,0.8772932227743844,-0.10275515529981909,0.6266008282583734,1.2019645416456404,0.7298827813782758,27.011721862172422,1.203270265849444,0.7290907518229602,27.090924817703975,1.242026613445422,0.7063401164494733,29.365988355052675
pesos_senal_fuerte,Bridge · señal contemporánea fuerte,sin_covid,Sin COVID,M3,69,69,2006-T2,2026-T2,0.7465041458190137,-0.09347706831855888,0.5507132986684086,1.1024991608426566,0.6771017814185449,32.28982185814551,1.1412664832984976,0.6541015238276878,34.589847617231214,1.1715712676891654,0.637182019060126,36.281798093987405
pesos_senal_fuerte,Bridge · señal contemporánea fuerte,solo_covid,Solo COVID,M1-M3,24,8,2020-T1,2021-T4,3.127827480979978,-0.03970520748257924,2.335478508096382,5.44988358082878,0.5739255590675058,42.60744409324943,6.184035772267004,0.505790651310115,49.420934868988496,5.192552106657602,0.6023680488385762,39.76319511614238
pesos_senal_fuerte,Bridge · señal contemporánea fuerte,solo_covid,Solo COVID,M1,8,8,2020-T1,2021-T4,3.8389724026117595,0.3123000407460764,2.8773988641057,4.744161421749121,0.8091993634559702,19.080063654402977,5.91537728428208,0.648981834651934,35.101816534806595,5.121409341713293,0.7495929628869477,25.040703711305234
pesos_senal_fuerte,Bridge · señal contemporánea fuerte,solo_covid,Solo COVID,M2,8,8,2020-T1,2021-T4,2.673745347518667,-0.1157895045306779,2.072070573790709,4.744161421749121,0.5635865034568925,43.641349654310744,5.91537728428208,0.4519991234748717,54.80008765251283,5.121409341713293,0.5220721815265413,47.792781847345864
pesos_senal_fuerte,Bridge · señal contemporánea fuerte,solo_covid,Solo COVID,M3,8,8,2020-T1,2021-T4,2.7319024435232393,-0.3156261586631368,2.056966086392737,6.639996833021542,0.4114312871260937,58.85687128739063,6.689059610082197,0.40841352937048636,59.15864706295137,5.331990702381854,0.5123606915336275,48.76393084663725
pesos_senal_fuerte,Bridge · señal contemporánea fuerte,post_covid,Post-COVID,M1-M3,54,18,2022-T1,2026-T2,0.415788708944451,0.05349524673695321,0.335260587987995,0.7847821729854816,0.5298141615050972,47.018583849490284,0.8370056009821872,0.4967573794685989,50.32426205314011,0.556282937177201,0.7474410612957624,25.255893870423762
pesos_senal_fuerte,Bridge · señal contemporánea fuerte,post_covid,Post-COVID,M1,18,18,2022-T1,2026-T2,0.45796992544941784,0.15497843882193627,0.3555438238013284,0.8142959940255486,0.5624121066657845,43.758789333421554,0.8346294260183342,0.5487104949488777,45.12895050511223,0.5590771823393477,0.8191533117719694,18.084668822803064
pesos_senal_fuerte,Bridge · señal contemporánea fuerte,post_covid,Post-COVID,M2,18,18,2022-T1,2026-T2,0.4232638755509457,-0.038343451100941096,0.35198180549541974,0.8142959940255486,0.5197911799350762,48.020882006492386,0.8346294260183342,0.5071279089333808,49.28720910666192,0.5590771823393477,0.75707592604635,24.292407395365
pesos_senal_fuerte,Bridge · señal contemporánea fuerte,post_covid,Post-COVID,M3,18,18,2022-T1,2026-T2,0.360211036053212,0.043850752489864434,0.29825613466723716,0.7221448922033098,0.4988071506733023,50.11928493266977,0.8417378277559285,0.42793732701016174,57.206267298983825,0.5506519108824309,0.6541537928670155,34.584620713298456
midas_lasso,MIDAS · LASSO (rezagos U-MIDAS),completa_con_covid,Todo el test,M1-M3,66,22,2021-T1,2026-T2,0.7220807229058347,0.08573482260205158,0.5110138630675153,1.0771750646585532,0.6703466749248623,32.965332507513764,2.4030653199744694,0.30048318574773747,69.95168142522625,0.7699848355609161,0.9377856414273609,6.221435857263913
midas_lasso,MIDAS · LASSO (rezagos U-MIDAS),completa_con_covid,Todo el test,M1,22,22,2021-T1,2026-T2,0.7473206627992786,0.07407380718750324,0.5931456442511837,1.2156237512272865,0.6147631304873634,38.523686951263656,2.7627623338157,0.27049762972812097,72.95023702718791,0.7252546931123541,1.0304251318832984,-3.042513188329843
midas_lasso,MIDAS · LASSO (rezagos U-MIDAS),completa_con_covid,Todo el test,M2,22,22,2021-T1,2026-T2,0.7560010335733092,0.10509664220884435,0.5169256289954632,1.2156237512272865,0.6219038027268347,37.80961972731654,2.7627623338157,0.27363954702870974,72.63604529712903,0.7252546931123541,1.0423938524672076,-4.239385246720762
midas_lasso,MIDAS · LASSO (rezagos U-MIDAS),completa_con_covid,Todo el test,M3,22,22,2021-T1,2026-T2,0.658920310330448,0.07803401840980712,0.4229703159558989,0.724869747382711,0.9090189136870632,9.098108631293677,1.434732508131902,0.45926352584594127,54.07364741540588,0.852432520037993,0.772988236419089,22.701176358091104
midas_lasso,MIDAS · LASSO (rezagos U-MIDAS),sin_covid,Sin COVID,M1-M3,54,18,2022-T1,2026-T2,0.6078082544045599,0.2120979745091935,0.46106590621319204,0.7555852989351113,0.8044204344118104,19.557956558818958,0.8148723719965378,0.7458938053272743,25.410619467272568,0.5562829371772009,1.0926242992258917,-9.262429922589167
midas_lasso,MIDAS · LASSO (rezagos U-MIDAS),sin_covid,Sin COVID,M1,18,18,2022-T1,2026-T2,0.7323820849185771,0.11192842338188161,0.5565402278911632,0.7896679937503711,0.9274557038082221,7.2544296191777935,0.8176012737749225,0.8957692562501983,10.423074374980168,0.5590771823393477,1.30998385921255,-30.99838592125499
midas_lasso,MIDAS · LASSO (rezagos U-MIDAS),sin_covid,Sin COVID,M2,18,18,2022-T1,2026-T2,0.5709215738105444,0.28250109735761764,0.46053773834962697,0.7896679937503711,0.7229893807637637,27.701061923623627,0.8176012737749225,0.6982885082536129,30.17114917463871,0.5590771823393477,1.0211856105835624,-2.1185610583562386
midas_lasso,MIDAS · LASSO (rezagos U-MIDAS),sin_covid,Sin COVID,M3,18,18,2022-T1,2026-T2,0.49594118664914677,0.2418644027880812,0.3661197523987861,0.6823315551790875,0.7268331398200982,27.31668601799018,0.8093869668910171,0.612736808147696,38.726319185230395,0.5506519108824309,0.9006437221917398,9.935627780826017
midas_lasso,MIDAS · LASSO (rezagos U-MIDAS),solo_covid,Solo COVID,M1-M3,12,4,2021-T1,2021-T4,1.0978452548545894,-0.4828993609800871,0.7357796689119697,1.9525861086571816,0.5622519027391788,43.77480972608212,5.3640376307831135,0.2046677019106429,79.53322980893572,1.3668552888256016,0.8031905526720792,19.68094473279208
midas_lasso,MIDAS · LASSO (rezagos U-MIDAS),solo_covid,Solo COVID,M1,4,4,2021-T1,2021-T4,0.811146792734566,-0.09627196568719937,0.7578700178712755,2.306834658882521,0.35162762515780066,64.83723748421994,6.2428025060365755,0.1299331176903666,87.00668823096333,1.2191866974306902,0.6653179487965001,33.46820512034999
midas_lasso,MIDAS · LASSO (rezagos U-MIDAS),solo_covid,Solo COVID,M2,4,4,2021-T1,2021-T4,1.2948648963158758,-0.693223405960636,0.7706711369017264,2.306834658882521,0.5613167338759925,43.86832661240076,6.2428025060365755,0.20741724490944347,79.25827550905565,1.2191866974306902,1.0620726907902371,-6.207269079023714
midas_lasso,MIDAS · LASSO (rezagos U-MIDAS),solo_covid,Solo COVID,M3,4,4,2021-T1,2021-T4,1.131882675786461,-0.6592027112924261,0.6787978519629063,0.8915185069978694,1.2696120909458206,-26.96120909458206,2.893705730481045,0.39115334495270143,60.88466550472986,1.6223586950448567,0.6976772024852158,30.23227975147842
midas_lasso,MIDAS · LASSO (rezagos U-MIDAS),post_covid,Post-COVID,M1-M3,54,18,2022-T1,2026-T2,0.6078082544045599,0.2120979745091935,0.46106590621319204,0.7555852989351113,0.8044204344118104,19.557956558818958,0.8148723719965378,0.7458938053272743,25.410619467272568,0.5562829371772009,1.0926242992258917,-9.262429922589167
midas_lasso,MIDAS · LASSO (rezagos U-MIDAS),post_covid,Post-COVID,M1,18,18,2022-T1,2026-T2,0.7323820849185771,0.11192842338188161,0.5565402278911632,0.7896679937503711,0.9274557038082221,7.2544296191777935,0.8176012737749225,0.8957692562501983,10.423074374980168,0.5590771823393477,1.30998385921255,-30.99838592125499
midas_lasso,MIDAS · LASSO (rezagos U-MIDAS),post_covid,Post-COVID,M2,18,18,2022-T1,2026-T2,0.5709215738105444,0.28250109735761764,0.46053773834962697,0.7896679937503711,0.7229893807637637,27.701061923623627,0.8176012737749225,0.6982885082536129,30.17114917463871,0.5590771823393477,1.0211856105835624,-2.1185610583562386
midas_lasso,MIDAS · LASSO (rezagos U-MIDAS),post_covid,Post-COVID,M3,18,18,2022-T1,2026-T2,0.49594118664914677,0.2418644027880812,0.3661197523987861,0.6823315551790875,0.7268331398200982,27.31668601799018,0.8093869668910171,0.612736808147696,38.726319185230395,0.5506519108824309,0.9006437221917398,9.935627780826017
